{"_runtime": 53, "_timestamp": 1643912236, "conf_table": {"_type": "table-file", "path": "media/table/conf_table_33_64d53b227faa1d9af28f.table.json", "sha256": "64d53b227faa1d9af28f0039b25e56adeb64e665247c693173315a44082c2d85", "size": 182, "artifact_path": "wandb-client-artifact://sbzr5rnhw0adicqqkicalc1zjwx71nuwkoube2m2lwjkbuoco5t44ln2dznzrl3iiq4baz9ttorqq1ecpmty8txrx7mwfvg7l9445b4e55i6x6wklajkebg4inz79ipn:latest/conf_table.table.json", "_latest_artifact_path": "wandb-client-artifact://sbzr5rnhw0adicqqkicalc1zjwx71nuwkoube2m2lwjkbuoco5t44ln2dznzrl3iiq4baz9ttorqq1ecpmty8txrx7mwfvg7l9445b4e55i6x6wklajkebg4inz79ipn:latest/conf_table.table.json", "ncols": 3, "nrows": 4}, "_step": 35, "examples": {"_type": "table-file", "path": "media/table/examples_34_91f6e347e7ecd02507aa.table.json", "sha256": "91f6e347e7ecd02507aaae308eae951941a1290f1e97d62b6d4de16dc22ad454", "size": 1253, "artifact_path": "wandb-client-artifact://4rbwbq68flsaghy8ac4f7a8exlyt97t7adjo46u8boxts23027h7m2xkix6t9rsai5i33v4sp2bztg414enhetgglgb54r3ken1b0xoiwnuw4r5ja00enkbrw81arppy:latest/examples.table.json", "_latest_artifact_path": "wandb-client-artifact://4rbwbq68flsaghy8ac4f7a8exlyt97t7adjo46u8boxts23027h7m2xkix6t9rsai5i33v4sp2bztg414enhetgglgb54r3ken1b0xoiwnuw4r5ja00enkbrw81arppy:latest/examples.table.json", "ncols": 3, "nrows": 20}, "global_step": 133, "train/loss_step": 0.5505334138870239, "train/acc_step": 0.78125, "epoch": 0, "trainer/global_step": 133, "train/loss_epoch": 0.6124916672706604, "train/acc_epoch": 0.7010875940322876, "valid/loss_step/epoch_0": 0.47862425446510315, "valid/loss_epoch": 0.6186848878860474, "valid/acc": 0.6912751793861389, "valid/precision_macro": 0.34563758969306946, "valid/recall_macro": 0.5, "valid/precision_micro": 0.6912751793861389, "valid/recall_micro": 0.6912751793861389, "valid/f1": 0.6912751793861389, "_wandb": {"runtime": 54}}