{"_runtime": 52, "_timestamp": 1643833920, "conf_table": {"_type": "table-file", "path": "media/table/conf_table_33_64d53b227faa1d9af28f.table.json", "sha256": "64d53b227faa1d9af28f0039b25e56adeb64e665247c693173315a44082c2d85", "size": 182, "artifact_path": "wandb-client-artifact://13fpwpjnyna07sdn2833n6z6g8x13evdpse4pep1mtqkd50vjm8exypzuexhug7u5trnlroekwkk2chc5oyh2ylg8ka95k5cijdbdss4hxm8mmuf9m4vcvy70skgwipq:latest/conf_table.table.json", "_latest_artifact_path": "wandb-client-artifact://13fpwpjnyna07sdn2833n6z6g8x13evdpse4pep1mtqkd50vjm8exypzuexhug7u5trnlroekwkk2chc5oyh2ylg8ka95k5cijdbdss4hxm8mmuf9m4vcvy70skgwipq:latest/conf_table.table.json", "ncols": 3, "nrows": 4}, "_step": 35, "examples": {"_type": "table-file", "path": "media/table/examples_34_91f6e347e7ecd02507aa.table.json", "sha256": "91f6e347e7ecd02507aaae308eae951941a1290f1e97d62b6d4de16dc22ad454", "size": 1253, "artifact_path": "wandb-client-artifact://iccbkykzsnyn1dbmxhsearx1jjveqeor9veolgfx1xqk42pjdoutwlwp5n4dox73g2k2ny39asmld9w4nn5m6jbf0964cqli71j1ux2skj1869ruurcpzl31flc4du52:latest/examples.table.json", "_latest_artifact_path": "wandb-client-artifact://iccbkykzsnyn1dbmxhsearx1jjveqeor9veolgfx1xqk42pjdoutwlwp5n4dox73g2k2ny39asmld9w4nn5m6jbf0964cqli71j1ux2skj1869ruurcpzl31flc4du52:latest/examples.table.json", "ncols": 3, "nrows": 20}, "global_step": 133, "train/loss_step": 0.5072205662727356, "train/acc_step": 0.8125, "epoch": 0, "trainer/global_step": 133, "train/loss_epoch": 0.6124091148376465, "train/acc_epoch": 0.7015553712844849, "valid/loss_step/epoch_0": 0.48534131050109863, "valid/loss_epoch": 0.6173741221427917, "valid/acc": 0.6912751793861389, "valid/precision_macro": 0.34563758969306946, "valid/recall_macro": 0.5, "valid/precision_micro": 0.6912751793861389, "valid/recall_micro": 0.6912751793861389, "valid/f1": 0.6912751793861389, "_wandb": {"runtime": 53}}