{"_runtime": 53, "_timestamp": 1644010586, "conf_table": {"_type": "table-file", "path": "media/table/conf_table_33_64d53b227faa1d9af28f.table.json", "sha256": "64d53b227faa1d9af28f0039b25e56adeb64e665247c693173315a44082c2d85", "size": 182, "artifact_path": "wandb-client-artifact://i3sxzw7g29w8mtkx1r7mnt3kkx9mp3qb4mfi1hd1k8z1nj025ehxa7kp5g0zzfk8krdzt5mag00nn5wt1fsi68zzkwcaj5wzcv8kip1sconio06b07r8hjh98tbnwfp0:latest/conf_table.table.json", "_latest_artifact_path": "wandb-client-artifact://i3sxzw7g29w8mtkx1r7mnt3kkx9mp3qb4mfi1hd1k8z1nj025ehxa7kp5g0zzfk8krdzt5mag00nn5wt1fsi68zzkwcaj5wzcv8kip1sconio06b07r8hjh98tbnwfp0:latest/conf_table.table.json", "ncols": 3, "nrows": 4}, "_step": 35, "examples": {"_type": "table-file", "path": "media/table/examples_34_91f6e347e7ecd02507aa.table.json", "sha256": "91f6e347e7ecd02507aaae308eae951941a1290f1e97d62b6d4de16dc22ad454", "size": 1253, "artifact_path": "wandb-client-artifact://23gr9vjdw7tevdk8moi88zsd33t7hog1xpwvi6v5p8arhhd8vybkbubaxceq8eavqe7ndhkbkfq701u5yir8byrq8frhx0fqogl61z8kxmof0vedqg0tmu851jhg2hyx:latest/examples.table.json", "_latest_artifact_path": "wandb-client-artifact://23gr9vjdw7tevdk8moi88zsd33t7hog1xpwvi6v5p8arhhd8vybkbubaxceq8eavqe7ndhkbkfq701u5yir8byrq8frhx0fqogl61z8kxmof0vedqg0tmu851jhg2hyx:latest/examples.table.json", "ncols": 3, "nrows": 20}, "global_step": 133, "train/loss_step": 0.633922278881073, "train/acc_step": 0.671875, "epoch": 0, "trainer/global_step": 133, "train/loss_epoch": 0.6112075448036194, "train/acc_epoch": 0.7042450904846191, "valid/loss_step/epoch_0": 0.4825385808944702, "valid/loss_epoch": 0.618681013584137, "valid/acc": 0.6912751793861389, "valid/precision_macro": 0.34563758969306946, "valid/recall_macro": 0.5, "valid/precision_micro": 0.6912751793861389, "valid/recall_micro": 0.6912751793861389, "valid/f1": 0.6912751793861389, "_wandb": {"runtime": 55}}