{"_runtime": 53, "_timestamp": 1643879788, "conf_table": {"_type": "table-file", "path": "media/table/conf_table_33_64d53b227faa1d9af28f.table.json", "sha256": "64d53b227faa1d9af28f0039b25e56adeb64e665247c693173315a44082c2d85", "size": 182, "artifact_path": "wandb-client-artifact://gcqh305p6rqt11ofswr637dah8gkl3xy036exlkngz19d1fp6xlvzgpndcs2ced678ubh1do1wfq068utroguosjbl5i3rvk5xmbbm2mw4efu4mqx1gsblpxn35yi8nl:latest/conf_table.table.json", "_latest_artifact_path": "wandb-client-artifact://gcqh305p6rqt11ofswr637dah8gkl3xy036exlkngz19d1fp6xlvzgpndcs2ced678ubh1do1wfq068utroguosjbl5i3rvk5xmbbm2mw4efu4mqx1gsblpxn35yi8nl:latest/conf_table.table.json", "ncols": 3, "nrows": 4}, "_step": 35, "examples": {"_type": "table-file", "path": "media/table/examples_34_91f6e347e7ecd02507aa.table.json", "sha256": "91f6e347e7ecd02507aaae308eae951941a1290f1e97d62b6d4de16dc22ad454", "size": 1253, "artifact_path": "wandb-client-artifact://eicoq98br8fjzk7ffjv2wmy81dqr43qt7ismk0ie4cb0os75voqlr0d6mkmqn3s4cb5753e7c1p17t2vi4xp45fo7qlm244nbrokclmi70wesiiiazfqsasypm45s4rw:latest/examples.table.json", "_latest_artifact_path": "wandb-client-artifact://eicoq98br8fjzk7ffjv2wmy81dqr43qt7ismk0ie4cb0os75voqlr0d6mkmqn3s4cb5753e7c1p17t2vi4xp45fo7qlm244nbrokclmi70wesiiiazfqsasypm45s4rw:latest/examples.table.json", "ncols": 3, "nrows": 20}, "global_step": 133, "train/loss_step": 0.5502465963363647, "train/acc_step": 0.765625, "epoch": 0, "trainer/global_step": 133, "train/loss_epoch": 0.6282629370689392, "train/acc_epoch": 0.6717342734336853, "valid/loss_step/epoch_0": 0.4744434356689453, "valid/loss_epoch": 0.6191333532333374, "valid/acc": 0.6912751793861389, "valid/precision_macro": 0.34563758969306946, "valid/recall_macro": 0.5, "valid/precision_micro": 0.6912751793861389, "valid/recall_micro": 0.6912751793861389, "valid/f1": 0.6912751793861389, "_wandb": {"runtime": 54}}