{"_runtime": 51, "_timestamp": 1643873411, "conf_table": {"_type": "table-file", "path": "media/table/conf_table_33_64d53b227faa1d9af28f.table.json", "sha256": "64d53b227faa1d9af28f0039b25e56adeb64e665247c693173315a44082c2d85", "size": 182, "artifact_path": "wandb-client-artifact://9su48wta929seqcgpkeahcoiaxnmx1ftvq6rc7g1fum5tpki84n5hqp1fkw2szscvyrbd65gobdanzdfl11kyqizaww38e2568x7m6xhd3svxwbjb087yw91ikhefccr:latest/conf_table.table.json", "_latest_artifact_path": "wandb-client-artifact://9su48wta929seqcgpkeahcoiaxnmx1ftvq6rc7g1fum5tpki84n5hqp1fkw2szscvyrbd65gobdanzdfl11kyqizaww38e2568x7m6xhd3svxwbjb087yw91ikhefccr:latest/conf_table.table.json", "ncols": 3, "nrows": 4}, "_step": 35, "examples": {"_type": "table-file", "path": "media/table/examples_34_91f6e347e7ecd02507aa.table.json", "sha256": "91f6e347e7ecd02507aaae308eae951941a1290f1e97d62b6d4de16dc22ad454", "size": 1253, "artifact_path": "wandb-client-artifact://txihil1qdws89qm2ioe5ck79oo5wfe5vh3i8z9mgazspdyn8t26sbwvj363ij6rxqbb4j1n4lon4rc3nmxe23v7uketbe5wofevw20h4m49mvqz2iyoiygrpnwwlyjg6:latest/examples.table.json", "_latest_artifact_path": "wandb-client-artifact://txihil1qdws89qm2ioe5ck79oo5wfe5vh3i8z9mgazspdyn8t26sbwvj363ij6rxqbb4j1n4lon4rc3nmxe23v7uketbe5wofevw20h4m49mvqz2iyoiygrpnwwlyjg6:latest/examples.table.json", "ncols": 3, "nrows": 20}, "global_step": 133, "train/loss_step": 0.6137750148773193, "train/acc_step": 0.703125, "epoch": 0, "trainer/global_step": 133, "train/loss_epoch": 0.6247152090072632, "train/acc_epoch": 0.682493269443512, "valid/loss_step/epoch_0": 0.4911780059337616, "valid/loss_epoch": 0.617121696472168, "valid/acc": 0.6912751793861389, "valid/precision_macro": 0.34563758969306946, "valid/recall_macro": 0.5, "valid/precision_micro": 0.6912751793861389, "valid/recall_micro": 0.6912751793861389, "valid/f1": 0.6912751793861389, "_wandb": {"runtime": 53}}