{"_runtime": 52, "_timestamp": 1643899956, "conf_table": {"_type": "table-file", "path": "media/table/conf_table_33_64d53b227faa1d9af28f.table.json", "sha256": "64d53b227faa1d9af28f0039b25e56adeb64e665247c693173315a44082c2d85", "size": 182, "artifact_path": "wandb-client-artifact://p2zr7e8k7i8e7ouq16769nxjkxmoji8aqqib9w9glynjk97tysg4pnc7t2gy2d0l77nyrofyj8yo3s0k4tpdfo2wdl86qe1phhfj0q8c5jzrsdnsmkdyywhgh8yykr9m:latest/conf_table.table.json", "_latest_artifact_path": "wandb-client-artifact://p2zr7e8k7i8e7ouq16769nxjkxmoji8aqqib9w9glynjk97tysg4pnc7t2gy2d0l77nyrofyj8yo3s0k4tpdfo2wdl86qe1phhfj0q8c5jzrsdnsmkdyywhgh8yykr9m:latest/conf_table.table.json", "ncols": 3, "nrows": 4}, "_step": 35, "examples": {"_type": "table-file", "path": "media/table/examples_34_91f6e347e7ecd02507aa.table.json", "sha256": "91f6e347e7ecd02507aaae308eae951941a1290f1e97d62b6d4de16dc22ad454", "size": 1253, "artifact_path": "wandb-client-artifact://6lhzu91in4fsasu3x3vz92xwzfhqjlwa60fznyl1z2cvkies0uc68vbgtcwer8xbdjrskcuk9u9okvlh377fqvgfuzoath2k8z0mroh2dhhv43o91qv2pyfzrln7tl8i:latest/examples.table.json", "_latest_artifact_path": "wandb-client-artifact://6lhzu91in4fsasu3x3vz92xwzfhqjlwa60fznyl1z2cvkies0uc68vbgtcwer8xbdjrskcuk9u9okvlh377fqvgfuzoath2k8z0mroh2dhhv43o91qv2pyfzrln7tl8i:latest/examples.table.json", "ncols": 3, "nrows": 20}, "global_step": 133, "train/loss_step": 0.6201873421669006, "train/acc_step": 0.6875, "epoch": 0, "trainer/global_step": 133, "train/loss_epoch": 0.6234614253044128, "train/acc_epoch": 0.684715211391449, "valid/loss_step/epoch_0": 0.47983404994010925, "valid/loss_epoch": 0.6184287071228027, "valid/acc": 0.6912751793861389, "valid/precision_macro": 0.34563758969306946, "valid/recall_macro": 0.5, "valid/precision_micro": 0.6912751793861389, "valid/recall_micro": 0.6912751793861389, "valid/f1": 0.6912751793861389, "_wandb": {"runtime": 54}}