{"_runtime": 54, "_timestamp": 1643878078, "conf_table": {"_type": "table-file", "path": "media/table/conf_table_33_64d53b227faa1d9af28f.table.json", "sha256": "64d53b227faa1d9af28f0039b25e56adeb64e665247c693173315a44082c2d85", "size": 182, "artifact_path": "wandb-client-artifact://13fm3ppdg26m48oi5c16lzdq5akf0ydv1ygync84heq3ape9v56mzghq0buaj83oy6yp9ejds3h6t5hufp87vnlf137cuykehv1yvv9gvnypw8yn6oc3op0aewvqqsie:latest/conf_table.table.json", "_latest_artifact_path": "wandb-client-artifact://13fm3ppdg26m48oi5c16lzdq5akf0ydv1ygync84heq3ape9v56mzghq0buaj83oy6yp9ejds3h6t5hufp87vnlf137cuykehv1yvv9gvnypw8yn6oc3op0aewvqqsie:latest/conf_table.table.json", "ncols": 3, "nrows": 4}, "_step": 35, "examples": {"_type": "table-file", "path": "media/table/examples_34_91f6e347e7ecd02507aa.table.json", "sha256": "91f6e347e7ecd02507aaae308eae951941a1290f1e97d62b6d4de16dc22ad454", "size": 1253, "artifact_path": "wandb-client-artifact://19q6t41r6zn5fya8yegjequuo840k34lostj8efiyh56q25xk67w3kh4y5s15s2z9g5tq7jshusz5vfh7y2mhs2tobj2cwhhnalbtcqotswwck67zwz4lq8p2vhd711f:latest/examples.table.json", "_latest_artifact_path": "wandb-client-artifact://19q6t41r6zn5fya8yegjequuo840k34lostj8efiyh56q25xk67w3kh4y5s15s2z9g5tq7jshusz5vfh7y2mhs2tobj2cwhhnalbtcqotswwck67zwz4lq8p2vhd711f:latest/examples.table.json", "ncols": 3, "nrows": 20}, "global_step": 133, "train/loss_step": 0.5639629364013672, "train/acc_step": 0.75, "epoch": 0, "trainer/global_step": 133, "train/loss_epoch": 0.6133518218994141, "train/acc_epoch": 0.7040112018585205, "valid/loss_step/epoch_0": 0.47492799162864685, "valid/loss_epoch": 0.619836151599884, "valid/acc": 0.6912751793861389, "valid/precision_macro": 0.34563758969306946, "valid/recall_macro": 0.5, "valid/precision_micro": 0.6912751793861389, "valid/recall_micro": 0.6912751793861389, "valid/f1": 0.6912751793861389, "_wandb": {"runtime": 55}}