{"_runtime": 51, "_timestamp": 1643889370, "conf_table": {"_type": "table-file", "path": "media/table/conf_table_33_64d53b227faa1d9af28f.table.json", "sha256": "64d53b227faa1d9af28f0039b25e56adeb64e665247c693173315a44082c2d85", "size": 182, "artifact_path": "wandb-client-artifact://tc01x0a845jp8anujr4l94oe8f6xi2vn6ia26wgfc8nvxyb6lqea81mizlu3g9z09k1qytcov0q77tya03bdl2vjclfw0x1so398hier9xtad9pshvugdwxlyf01y3p1:latest/conf_table.table.json", "_latest_artifact_path": "wandb-client-artifact://tc01x0a845jp8anujr4l94oe8f6xi2vn6ia26wgfc8nvxyb6lqea81mizlu3g9z09k1qytcov0q77tya03bdl2vjclfw0x1so398hier9xtad9pshvugdwxlyf01y3p1:latest/conf_table.table.json", "ncols": 3, "nrows": 4}, "_step": 35, "examples": {"_type": "table-file", "path": "media/table/examples_34_91f6e347e7ecd02507aa.table.json", "sha256": "91f6e347e7ecd02507aaae308eae951941a1290f1e97d62b6d4de16dc22ad454", "size": 1253, "artifact_path": "wandb-client-artifact://7jh16awb3eqb5kntromz5v4yqlp2ofu0fdv0a8y6n1gm58n599x0sc81fbtirazpx46c0wwybe5ktwmcjcv0qf101rgnly0jl2hrkoca942c3tku6v8wnb88j82fmtl6:latest/examples.table.json", "_latest_artifact_path": "wandb-client-artifact://7jh16awb3eqb5kntromz5v4yqlp2ofu0fdv0a8y6n1gm58n599x0sc81fbtirazpx46c0wwybe5ktwmcjcv0qf101rgnly0jl2hrkoca942c3tku6v8wnb88j82fmtl6:latest/examples.table.json", "ncols": 3, "nrows": 20}, "global_step": 133, "train/loss_step": 0.5550763010978699, "train/acc_step": 0.765625, "epoch": 0, "trainer/global_step": 133, "train/loss_epoch": 0.6188471913337708, "train/acc_epoch": 0.6932522654533386, "valid/loss_step/epoch_0": 0.46906778216362, "valid/loss_epoch": 0.6204940676689148, "valid/acc": 0.6912751793861389, "valid/precision_macro": 0.34563758969306946, "valid/recall_macro": 0.5, "valid/precision_micro": 0.6912751793861389, "valid/recall_micro": 0.6912751793861389, "valid/f1": 0.6912751793861389, "_wandb": {"runtime": 53}}