{"_runtime": 54, "_timestamp": 1643902003, "conf_table": {"_type": "table-file", "path": "media/table/conf_table_33_64d53b227faa1d9af28f.table.json", "sha256": "64d53b227faa1d9af28f0039b25e56adeb64e665247c693173315a44082c2d85", "size": 182, "artifact_path": "wandb-client-artifact://4ayxpavdc0werneezizi1gh0qxq2ak80iq79qnevnsaywg3gl8raqdktqpgbq1dz47zlus33ed1efgoaqdk7i1vnfjf3tv7qycxgvwij5mhy8o1kuguthjesepq2435t:latest/conf_table.table.json", "_latest_artifact_path": "wandb-client-artifact://4ayxpavdc0werneezizi1gh0qxq2ak80iq79qnevnsaywg3gl8raqdktqpgbq1dz47zlus33ed1efgoaqdk7i1vnfjf3tv7qycxgvwij5mhy8o1kuguthjesepq2435t:latest/conf_table.table.json", "ncols": 3, "nrows": 4}, "_step": 35, "examples": {"_type": "table-file", "path": "media/table/examples_34_91f6e347e7ecd02507aa.table.json", "sha256": "91f6e347e7ecd02507aaae308eae951941a1290f1e97d62b6d4de16dc22ad454", "size": 1253, "artifact_path": "wandb-client-artifact://124xiu345axygl83p6syuwakjwfjvgww6xp1xetz3twpa1zpsph6ahm6iz1inyqks4eid1tb123bc68bmba16za4o922evf9py9f2eiwg1pbmtxq2ts7ps5qiyhi231k:latest/examples.table.json", "_latest_artifact_path": "wandb-client-artifact://124xiu345axygl83p6syuwakjwfjvgww6xp1xetz3twpa1zpsph6ahm6iz1inyqks4eid1tb123bc68bmba16za4o922evf9py9f2eiwg1pbmtxq2ts7ps5qiyhi231k:latest/examples.table.json", "ncols": 3, "nrows": 20}, "global_step": 133, "train/loss_step": 0.6202505230903625, "train/acc_step": 0.6875, "epoch": 0, "trainer/global_step": 133, "train/loss_epoch": 0.6349532604217529, "train/acc_epoch": 0.6568822264671326, "valid/loss_step/epoch_0": 0.48105788230895996, "valid/loss_epoch": 0.6177815794944763, "valid/acc": 0.6912751793861389, "valid/precision_macro": 0.34563758969306946, "valid/recall_macro": 0.5, "valid/precision_micro": 0.6912751793861389, "valid/recall_micro": 0.6912751793861389, "valid/f1": 0.6912751793861389, "_wandb": {"runtime": 55}}