{"_runtime": 148, "_timestamp": 1643875546, "conf_table": {"_type": "table-file", "path": "media/table/conf_table_102_64d53b227faa1d9af28f.table.json", "sha256": "64d53b227faa1d9af28f0039b25e56adeb64e665247c693173315a44082c2d85", "size": 182, "artifact_path": "wandb-client-artifact://17wsobnzj3tmx6tkr6r1qyeanmaahcercog0prkvgjtlixrn6dwhgqg3az6tysb3taolxm3ek32vxbf6w733lpjaez6d8upv98k09s67ml93ft4zfj3detfyzrizf2f7:latest/conf_table.table.json", "_latest_artifact_path": "wandb-client-artifact://17wsobnzj3tmx6tkr6r1qyeanmaahcercog0prkvgjtlixrn6dwhgqg3az6tysb3taolxm3ek32vxbf6w733lpjaez6d8upv98k09s67ml93ft4zfj3detfyzrizf2f7:latest/conf_table.table.json", "ncols": 3, "nrows": 4}, "_step": 104, "examples": {"_type": "table-file", "path": "media/table/examples_103_91f6e347e7ecd02507aa.table.json", "sha256": "91f6e347e7ecd02507aaae308eae951941a1290f1e97d62b6d4de16dc22ad454", "size": 1253, "artifact_path": "wandb-client-artifact://9mzmagca1mn25jjsha46klp4zd0zqj25rnxnajh4r61j4r1l3zhka7hzd0rm7yv6ephsvvqr3o2njz6jujyhmjpyciwzcrxxvkj4mfliqsermuwtx8s7mso9qvysw9ti:latest/examples.table.json", "_latest_artifact_path": "wandb-client-artifact://9mzmagca1mn25jjsha46klp4zd0zqj25rnxnajh4r61j4r1l3zhka7hzd0rm7yv6ephsvvqr3o2njz6jujyhmjpyciwzcrxxvkj4mfliqsermuwtx8s7mso9qvysw9ti:latest/examples.table.json", "ncols": 3, "nrows": 20}, "global_step": 401, "train/loss_step": 0.5387778282165527, "train/acc_step": 0.78125, "epoch": 2, "trainer/global_step": 401, "train/loss_epoch": 0.6058015823364258, "train/acc_epoch": 0.7043620347976685, "valid/loss_step/epoch_0": 0.48532333970069885, "valid/loss_epoch": 0.6177865862846375, "valid/acc": 0.6912751793861389, "valid/precision_macro": 0.34563758969306946, "valid/recall_macro": 0.5, "valid/precision_micro": 0.6912751793861389, "valid/recall_micro": 0.6912751793861389, "valid/f1": 0.6912751793861389, "valid/loss_step/epoch_1": 0.4907645583152771, "valid/loss_step/epoch_2": 0.5080838203430176, "_wandb": {"runtime": 150}}