{"_runtime": 55, "_timestamp": 1644065088, "conf_table": {"_type": "table-file", "path": "media/table/conf_table_33_64d53b227faa1d9af28f.table.json", "sha256": "64d53b227faa1d9af28f0039b25e56adeb64e665247c693173315a44082c2d85", "size": 182, "artifact_path": "wandb-client-artifact://il3qa0fe3d55nf1rn92ozl4hry4pl8d4owdr9v9puscppk1rwah5ravijldffg88e3tf97rew9w3vyyg8egu06ds1yqanxbqchejqutgtmmf26hzmcffqr912ukmfryw:latest/conf_table.table.json", "_latest_artifact_path": "wandb-client-artifact://il3qa0fe3d55nf1rn92ozl4hry4pl8d4owdr9v9puscppk1rwah5ravijldffg88e3tf97rew9w3vyyg8egu06ds1yqanxbqchejqutgtmmf26hzmcffqr912ukmfryw:latest/conf_table.table.json", "ncols": 3, "nrows": 4}, "_step": 35, "examples": {"_type": "table-file", "path": "media/table/examples_34_91f6e347e7ecd02507aa.table.json", "sha256": "91f6e347e7ecd02507aaae308eae951941a1290f1e97d62b6d4de16dc22ad454", "size": 1253, "artifact_path": "wandb-client-artifact://s47n34tyqgdm0y6ppz77a32b3c2lsdqnp9mvdroqp02gidlhg3lijw7olbuuitheisqxbwwfqkyndqbcnj890umaskq4a812chturyjzfqsjfi6y0zja9r78pdapc4w7:latest/examples.table.json", "_latest_artifact_path": "wandb-client-artifact://s47n34tyqgdm0y6ppz77a32b3c2lsdqnp9mvdroqp02gidlhg3lijw7olbuuitheisqxbwwfqkyndqbcnj890umaskq4a812chturyjzfqsjfi6y0zja9r78pdapc4w7:latest/examples.table.json", "ncols": 3, "nrows": 20}, "global_step": 133, "train/loss_step": 0.5463520288467407, "train/acc_step": 0.78125, "epoch": 0, "trainer/global_step": 133, "train/loss_epoch": 0.6291074156761169, "train/acc_epoch": 0.6705648303031921, "valid/loss_step/epoch_0": 0.476237952709198, "valid/loss_epoch": 0.6179938316345215, "valid/acc": 0.6912751793861389, "valid/precision_macro": 0.34563758969306946, "valid/recall_macro": 0.5, "valid/precision_micro": 0.6912751793861389, "valid/recall_micro": 0.6912751793861389, "valid/f1": 0.6912751793861389, "_wandb": {"runtime": 56}}