{"_runtime": 52, "_timestamp": 1643886525, "conf_table": {"_type": "table-file", "path": "media/table/conf_table_33_64d53b227faa1d9af28f.table.json", "sha256": "64d53b227faa1d9af28f0039b25e56adeb64e665247c693173315a44082c2d85", "size": 182, "artifact_path": "wandb-client-artifact://i91620373rze6rdqwlyy7nokrz0gartyi0fiirb404q8ck73yv4iuhaf3ar9yycimt20v0mhajdt40gykwyyfdbryu2koy6b830wcfg2ys9i8rpsetkwfaxrsv94wuhh:latest/conf_table.table.json", "_latest_artifact_path": "wandb-client-artifact://i91620373rze6rdqwlyy7nokrz0gartyi0fiirb404q8ck73yv4iuhaf3ar9yycimt20v0mhajdt40gykwyyfdbryu2koy6b830wcfg2ys9i8rpsetkwfaxrsv94wuhh:latest/conf_table.table.json", "ncols": 3, "nrows": 4}, "_step": 35, "examples": {"_type": "table-file", "path": "media/table/examples_34_91f6e347e7ecd02507aa.table.json", "sha256": "91f6e347e7ecd02507aaae308eae951941a1290f1e97d62b6d4de16dc22ad454", "size": 1253, "artifact_path": "wandb-client-artifact://r31mye6vpv0bhmumzl08voccplxt876c5h53c8do429r8y2819m0a9heil9z28728vkw0tautzb3nhx0eazlx2r090vfufkiprdq2avwhks9uf083ovhoahbyb1cno72:latest/examples.table.json", "_latest_artifact_path": "wandb-client-artifact://r31mye6vpv0bhmumzl08voccplxt876c5h53c8do429r8y2819m0a9heil9z28728vkw0tautzb3nhx0eazlx2r090vfufkiprdq2avwhks9uf083ovhoahbyb1cno72:latest/examples.table.json", "ncols": 3, "nrows": 20}, "global_step": 133, "train/loss_step": 0.6397731304168701, "train/acc_step": 0.6875, "epoch": 0, "trainer/global_step": 133, "train/loss_epoch": 0.6119917631149292, "train/acc_epoch": 0.7043620347976685, "valid/loss_step/epoch_0": 0.502063512802124, "valid/loss_epoch": 0.6184905767440796, "valid/acc": 0.6912751793861389, "valid/precision_macro": 0.34563758969306946, "valid/recall_macro": 0.5, "valid/precision_micro": 0.6912751793861389, "valid/recall_micro": 0.6912751793861389, "valid/f1": 0.6912751793861389, "_wandb": {"runtime": 53}}