{"_runtime": 61, "_timestamp": 1643819843, "conf_table": {"_type": "table-file", "path": "media/table/conf_table_33_64d53b227faa1d9af28f.table.json", "sha256": "64d53b227faa1d9af28f0039b25e56adeb64e665247c693173315a44082c2d85", "size": 182, "artifact_path": "wandb-client-artifact://fh1lyzzalttpq2azldpq2x5hxhhy1if0r1s185m6ib8xm4qvw417ziow1ao8051ofykr9699jracuqh7bkxopvyo3hxs2rcvvpz99djhennhl65c9cjranokg88bbcts:latest/conf_table.table.json", "_latest_artifact_path": "wandb-client-artifact://fh1lyzzalttpq2azldpq2x5hxhhy1if0r1s185m6ib8xm4qvw417ziow1ao8051ofykr9699jracuqh7bkxopvyo3hxs2rcvvpz99djhennhl65c9cjranokg88bbcts:latest/conf_table.table.json", "ncols": 3, "nrows": 4}, "_step": 35, "examples": {"_type": "table-file", "path": "media/table/examples_34_91f6e347e7ecd02507aa.table.json", "sha256": "91f6e347e7ecd02507aaae308eae951941a1290f1e97d62b6d4de16dc22ad454", "size": 1253, "artifact_path": "wandb-client-artifact://y3fie49ztgynt99cbe8vwiae20tm3c8iklbhrmnonyrxipldi8azzmzlz5h09bpg22qhxi4yh6r5hp10in0aslwinyplnn8qs6a7h2fvg5n3l25qyb62tqou51szf539:latest/examples.table.json", "_latest_artifact_path": "wandb-client-artifact://y3fie49ztgynt99cbe8vwiae20tm3c8iklbhrmnonyrxipldi8azzmzlz5h09bpg22qhxi4yh6r5hp10in0aslwinyplnn8qs6a7h2fvg5n3l25qyb62tqou51szf539:latest/examples.table.json", "ncols": 3, "nrows": 20}, "global_step": 133, "train/loss_step": 0.5876389145851135, "train/acc_step": 0.71875, "epoch": 0, "trainer/global_step": 133, "train/loss_epoch": 0.6174592971801758, "train/acc_epoch": 0.7003859281539917, "valid/loss_step/epoch_0": 0.4750603139400482, "valid/loss_epoch": 0.6201057434082031, "valid/acc": 0.6912751793861389, "valid/precision_macro": 0.34563758969306946, "valid/recall_macro": 0.5, "valid/precision_micro": 0.6912751793861389, "valid/recall_micro": 0.6912751793861389, "valid/f1": 0.6912751793861389, "_wandb": {"runtime": 63}}