{"_runtime": 25, "_timestamp": 1643831717, "conf_table": {"_type": "table-file", "path": "media/table/conf_table_21_53e8eba8db34a3d4f73a.table.json", "sha256": "53e8eba8db34a3d4f73afd1e1cac64141a46c1d5c77a3203ca3a6bd51dc9edb3", "size": 181, "artifact_path": "wandb-client-artifact://o09h4ctno227e6ebiog5vd7t2tqzl4vdjjtqiae6t17xr639cqx93ul7c7gl3m4wj1drzpcfjzgq38r8k5rnwvb8szifz4t7am9i54aavdr058yyjl4ibf6dm7o6bzlh:latest/conf_table.table.json", "_latest_artifact_path": "wandb-client-artifact://o09h4ctno227e6ebiog5vd7t2tqzl4vdjjtqiae6t17xr639cqx93ul7c7gl3m4wj1drzpcfjzgq38r8k5rnwvb8szifz4t7am9i54aavdr058yyjl4ibf6dm7o6bzlh:latest/conf_table.table.json", "ncols": 3, "nrows": 4}, "_step": 23, "examples": {"_type": "table-file", "path": "media/table/examples_22_91f6e347e7ecd02507aa.table.json", "sha256": "91f6e347e7ecd02507aaae308eae951941a1290f1e97d62b6d4de16dc22ad454", "size": 1253, "artifact_path": "wandb-client-artifact://4jtq4r83qzpk833wq1fjub913330guexc2jexmng57h6mco9sffp2mzy0jymn229we81cd3xu4i7dqyztw58p069qj9ok7a2eojlng3em54i1yq7di6lim5gq6c8p436:latest/examples.table.json", "_latest_artifact_path": "wandb-client-artifact://4jtq4r83qzpk833wq1fjub913330guexc2jexmng57h6mco9sffp2mzy0jymn229we81cd3xu4i7dqyztw58p069qj9ok7a2eojlng3em54i1yq7di6lim5gq6c8p436:latest/examples.table.json", "ncols": 3, "nrows": 20}, "global_step": 65, "train/loss_step": 0.5725555419921875, "train/acc_step": 0.75, "epoch": 1, "trainer/global_step": 65, "train/loss_epoch": 0.611742377281189, "train/acc_epoch": 0.7007575631141663, "valid/loss_step/epoch_0": 0.6240406632423401, "valid/loss_epoch": 0.6484804153442383, "valid/acc": 0.65625, "valid/precision_macro": 0.328125, "valid/recall_macro": 0.5, "valid/precision_micro": 0.65625, "valid/recall_micro": 0.65625, "valid/f1": 0.65625, "valid/loss_step/epoch_1": 0.6279626488685608, "_wandb": {"runtime": 27}}