{"_runtime": 56, "_timestamp": 1644059018, "conf_table": {"_type": "table-file", "path": "media/table/conf_table_33_64d53b227faa1d9af28f.table.json", "sha256": "64d53b227faa1d9af28f0039b25e56adeb64e665247c693173315a44082c2d85", "size": 182, "artifact_path": "wandb-client-artifact://b9qo9yl46czebclojyfge38py5mkd17hzt61u0ix9rbat5ibtumpn1xejmrbhpygo06h4trp4n1hv4si5qgykb8ssaoabvyoxnilpgnozza5g2v1njbd8fdshd5k31jj:latest/conf_table.table.json", "_latest_artifact_path": "wandb-client-artifact://b9qo9yl46czebclojyfge38py5mkd17hzt61u0ix9rbat5ibtumpn1xejmrbhpygo06h4trp4n1hv4si5qgykb8ssaoabvyoxnilpgnozza5g2v1njbd8fdshd5k31jj:latest/conf_table.table.json", "ncols": 3, "nrows": 4}, "_step": 35, "examples": {"_type": "table-file", "path": "media/table/examples_34_91f6e347e7ecd02507aa.table.json", "sha256": "91f6e347e7ecd02507aaae308eae951941a1290f1e97d62b6d4de16dc22ad454", "size": 1253, "artifact_path": "wandb-client-artifact://izzglaus9c8ev6lb5v92we44wb1avslnwgz1oq90q6i0jhic8frz2w11hjfb2lmqj4sxtmwd8qlyiedkwei3axsx2ykla6nu7qfg5njgit94r4lctiaqdaggdjfx0shp:latest/examples.table.json", "_latest_artifact_path": "wandb-client-artifact://izzglaus9c8ev6lb5v92we44wb1avslnwgz1oq90q6i0jhic8frz2w11hjfb2lmqj4sxtmwd8qlyiedkwei3axsx2ykla6nu7qfg5njgit94r4lctiaqdaggdjfx0shp:latest/examples.table.json", "ncols": 3, "nrows": 20}, "global_step": 133, "train/loss_step": 0.688370943069458, "train/acc_step": 0.609375, "epoch": 0, "trainer/global_step": 133, "train/loss_epoch": 0.6166642308235168, "train/acc_epoch": 0.6983978748321533, "valid/loss_step/epoch_0": 0.48000210523605347, "valid/loss_epoch": 0.6188087463378906, "valid/acc": 0.6912751793861389, "valid/precision_macro": 0.34563758969306946, "valid/recall_macro": 0.5, "valid/precision_micro": 0.6912751793861389, "valid/recall_micro": 0.6912751793861389, "valid/f1": 0.6912751793861389, "_wandb": {"runtime": 57}}